
-- POR ANDRÉS GUERRERO Y CAMILO QUINTERO

INSERT INTO CARRITO VALUES (101,5,3700,3959);--
INSERT INTO CARRITO VALUES (102,3,249700,267179);--
INSERT INTO CARRITO VALUES (103,2,1230800,1316956);--
INSERT INTO CARRITO VALUES (104,2,2200,2354);--
INSERT INTO CARRITO VALUES (123,3,1870000,2000900);
INSERT INTO CARRITO VALUES (124,4,5590000,5981300);
INSERT INTO CARRITO VALUES (125,3,3185000,3407950);
INSERT INTO CARRITO VALUES (126,3,5830500,6328635);
INSERT INTO CARRITO VALUES (127,3,53500,57245);
INSERT INTO CARRITO VALUES (128,2,260000,278200);
INSERT INTO CARRITO VALUES (129,6,6175000,6607250);
INSERT INTO CARRITO VALUES (130,2,824000,881680);

INSERT INTO CARRITO VALUES (133,1,20000,21400);
INSERT INTO CARRITO VALUES (134,2,368500,394295);
INSERT INTO CARRITO VALUES (135,1,350000,275900);
INSERT INTO CARRITO VALUES (136,1,18500,19795);

INSERT INTO CARRITO VALUES (131,2,388890,4161123);
INSERT INTO CARRITO VALUES (132,3,990000,1059300);
INSERT INTO CARRITO VALUES (0,0,0,0);-- PRODUCTOS QUE NO ESTÁN EN ALGUN CARRO DE COMPRA

INSERT INTO CIUDAD VALUES (001,'BOGOTA','CUNDINAMARCA');
INSERT INTO CIUDAD VALUES (002,'CALI','VALLE');
INSERT INTO CIUDAD VALUES (003,'PEREIRA','RISARALDA');
INSERT INTO CIUDAD VALUES (004,'MEDELLIN','ANTIOQUIA');
INSERT INTO CIUDAD VALUES (005,'MANIZALES','CALDAS');
INSERT INTO CIUDAD VALUES (006,'CARTAGENA','BOLIVAR');
INSERT INTO CIUDAD VALUES (007,'BARRANQUILLA','ATLANTICO');
INSERT INTO CIUDAD VALUES (008,'CUCUTA','N.SANTANDER');

INSERT INTO USUARIO VALUES (1144837624,'CARLOS','VARGAS','CALLE 5 NO 4N-83',002);
INSERT INTO USUARIO VALUES (31876277,'SERGIO','GOMEZ','CALLE 16 DIAGONAL 11',005);
INSERT INTO USUARIO VALUES (76382314,'CLAUDIA','ALBAN','CALLE 4 NO 4-45',001);
INSERT INTO USUARIO VALUES (1134773844,'NELLY','GARZON','CALLE 7 NO 30-4',004);
INSERT INTO USUARIO VALUES (1144537294,'JOHANNA','LOPEZ', 'CALLE 85 NO 118-23',007);
INSERT INTO USUARIO VALUES (34254534,'ANDREA','RODRIGUEZ','CALLE 24 NO 11-23',003);
INSERT INTO USUARIO VALUES (88374476,'JORGE','GONZALEZ','CALLE 74N NO 102-33',006);
INSERT INTO USUARIO VALUES (79115127,'GUSTAVO','ZAPATA','CALLE 23S NO 20-20',008);
INSERT INTO USUARIO VALUES (83738774,'DANIEL','ARGOTE','CALLE 43 NO 13-22',001);
INSERT INTO USUARIO VALUES (12345334,'JUAN', 'ENCISO','CALLE 90 NO 90-32',004);
INSERT INTO USUARIO VALUES (1144123453,'TOMAS','SOLIS','CALLE 87 DIAGONAL 15',008);
INSERT INTO USUARIO VALUES (44357874,'ANDRES','PRADO','CALLE 53S NO 60-32',006);
INSERT INTO USUARIO VALUES (1144165215,'ANDRES','GUERRERO','CALLE 5N NO 11-2',007);
INSERT INTO USUARIO VALUES (31869677,'JOSE','BETANCUR','CALLE 43 NO 198-3',002);
INSERT INTO USUARIO VALUES (78117125,'GERMAN','ORTIZ','CALLE 65 NO 41-2',005);
INSERT INTO USUARIO VALUES (11253472,'LUISA','SANTOS','CALLE 3 NO 3-2',002);
INSERT INTO USUARIO VALUES (1109482742,'LAURA','SANCHEZ', 'DIAGONAL 3 NO 23-2',004);
INSERT INTO USUARIO VALUES (1247283953,'LUIS','LIBREROS', 'CALLE 10 NO 94-2',007);



INSERT INTO VENDEDOR VALUES (1144837624,4,50);
INSERT INTO VENDEDOR VALUES (78117125,3,1);
INSERT INTO VENDEDOR VALUES (83738774,5,8);
INSERT INTO VENDEDOR VALUES (1144537294,3,12);
INSERT INTO VENDEDOR VALUES (31869677,2,2);
INSERT INTO VENDEDOR VALUES (88374476,4,45);
INSERT INTO VENDEDOR VALUES (1134773844,4,78);
INSERT INTO VENDEDOR VALUES (31876277,3,12);
INSERT INTO VENDEDOR VALUES (44357874,5,56);--
INSERT INTO VENDEDOR VALUES (11253472,3,21);
INSERT INTO VENDEDOR VALUES (1109482742,3,24);
INSERT INTO VENDEDOR VALUES (1247283953,5,4);

INSERT INTO COMPRADOR VALUES (1,78117125,101);--
INSERT INTO COMPRADOR VALUES (2,88374476,102);--
INSERT INTO COMPRADOR VALUES (3,1134773844,103);--
INSERT INTO COMPRADOR VALUES (4,76382314,104);--
INSERT INTO COMPRADOR VALUES (5,31876277,123);
INSERT INTO COMPRADOR VALUES (6,44357874,124);
INSERT INTO COMPRADOR VALUES (7,79115127,129);
INSERT INTO COMPRADOR VALUES (8,31869677,125);
INSERT INTO COMPRADOR VALUES (9,76382314,130);
INSERT INTO COMPRADOR VALUES (10,34254534,128);
INSERT INTO COMPRADOR VALUES (11,1144123453,126);
INSERT INTO COMPRADOR VALUES (12,1144165215,127);

INSERT INTO COMPRADOR VALUES (13,1109482742,131);
INSERT INTO COMPRADOR VALUES (14,31876277,132);
INSERT INTO COMPRADOR VALUES (15,31876277,133);
INSERT INTO COMPRADOR VALUES (16,31876277,134);
INSERT INTO COMPRADOR VALUES (17,31876277,135);
INSERT INTO COMPRADOR VALUES (18,31876277,136);


INSERT INTO PRODUCTO VALUES (110,'HOGAR','EL DORADO','COLCHON KING',700000,'NUEVO',3,123);
INSERT INTO PRODUCTO VALUES (111,'HOGAR','EL DORADO','COLCHON KING',700000,'NUEVO',3,0);
INSERT INTO PRODUCTO VALUES (121,'HOGAR','PARKER KNOLL','BURGHLEY',670000,'USADO',3,124);
INSERT INTO PRODUCTO VALUES (122,'HOGAR','PARKER KNOLL','BURGHLEY',670000,'USADO',3,129);
INSERT INTO PRODUCTO VALUES (124,'HOGAR','PARKER KNOLL','BURGHLEY',670000,'NUEVO',3,0);
INSERT INTO PRODUCTO VALUES (130,'HOGAR','OBEN','COMEDOR CAVALLI',2345000,'USADO',4,129);
INSERT INTO PRODUCTO VALUES (131,'HOGAR','OBEN','COMEDOR CAVALLI',2345000,'NUEVO',4,0);
INSERT INTO PRODUCTO VALUES (132,'HOGAR','OBEN','COMEDOR CAVALLI',2345000,'USADO',4,0);
INSERT INTO PRODUCTO VALUES (133,'HOGAR','OBEN','COMEDOR CAVALLI',2345000,'NUEVO',4,126);
INSERT INTO PRODUCTO VALUES (134,'HOGAR','OBEN','COMEDOR CAVALLI',2345000,'NUEVO',4,0);
INSERT INTO PRODUCTO VALUES (135,'HOGAR','OBEN','COMEDOR CAVALLI',2345000,'USADO',4,129);
INSERT INTO PRODUCTO VALUES (136,'HOGAR','OBEN','COMEDOR CAVALLI',2345000,'USADO',4,0);
INSERT INTO PRODUCTO VALUES (137,'HOGAR','OBEN','COMEDOR CAVALLI',2345000,'USADO',4,125);
INSERT INTO PRODUCTO VALUES (140,'HOGAR','EL DORADO','COLCHON GREENLIFE',820000,'USADO',5,0);
INSERT INTO PRODUCTO VALUES (141,'HOGAR','EL DORADO','COLCHON GREENLIFE',820000,'NUEVO',5,0);
INSERT INTO PRODUCTO VALUES (142,'HOGAR','EL DORADO','COLCHON GREENLIFE',820000,'NUEVO',5,123);
INSERT INTO PRODUCTO VALUES (143,'HOGAR','EL DORADO','COLCHON GREENLIFE',820000,'USADO',5,0);
INSERT INTO PRODUCTO VALUES (144,'HOGAR','EL DORADO','COLCHON GREENLIFE',820000,'NUEVO',5,0);
INSERT INTO PRODUCTO VALUES (145,'HOGAR','EL DORADO','COLCHON GREENLIFE',820000,'USADO',5,125);
INSERT INTO PRODUCTO VALUES (150,'HOGAR','OBEN','SALA MINOTTI',3467000,'NUEVO',4,0);
INSERT INTO PRODUCTO VALUES (151,'HOGAR','OBEN','SALA MINOTTI',3467000,'USADO',4,0);
INSERT INTO PRODUCTO VALUES (152,'HOGAR','OBEN','SALA MINOTTI',3467000,'NUEVO',4,126);
INSERT INTO PRODUCTO VALUES (153,'HOGAR','OBEN','SALA MINOTTI',3467000,'USADO',4,0);
INSERT INTO PRODUCTO VALUES (160,'HOGAR','EL DORADO','COLCHON CELESTIAL',378000,'NUEVO',3,0);
INSERT INTO PRODUCTO VALUES (161,'HOGAR','EL DORADO','COLCHON CELESTIAL',378000,'NUEVO',3,0);
INSERT INTO PRODUCTO VALUES (162,'HOGAR','EL DORADO','COLCHON CELESTIAL',378000,'NUEVO',3,129);
INSERT INTO PRODUCTO VALUES (163,'HOGAR','EL DORADO','COLCHON CELESTIAL',378000,'NUEVO',3,0);
INSERT INTO PRODUCTO VALUES (164,'HOGAR','EL DORADO','COLCHON CELESTIAL',378000,'NUEVO',3,0);
INSERT INTO PRODUCTO VALUES (210,'COCINA','IMUSA','OLLA',20000,'NUEVO',4,0);
INSERT INTO PRODUCTO VALUES (211,'COCINA','IMUSA','OLLA',20000,'NUEVO',4,125);
INSERT INTO PRODUCTO VALUES (212,'COCINA','IMUSA','OLLA',20000,'NUEVO',4,0);
INSERT INTO PRODUCTO VALUES (213,'COCINA','IMUSA','OLLA',20000,'NUEVO',4,0);
INSERT INTO PRODUCTO VALUES (214,'COCINA','IMUSA','OLLA',20000,'NUEVO',4,127);
INSERT INTO PRODUCTO VALUES (215,'COCINA','IMUSA','OLLA',20000,'NUEVO',4,133);
INSERT INTO PRODUCTO VALUES (216,'COCINA','IMUSA','OLLA',20000,'NUEVO',4,0);
INSERT INTO PRODUCTO VALUES (217,'COCINA','IMUSA','OLLA',20000,'NUEVO',4,0);
INSERT INTO PRODUCTO VALUES (218,'COCINA','IMUSA','OLLA',20000,'NUEVO',4,0);
INSERT INTO PRODUCTO VALUES (220,'COCINA','LG','HORNO',350000,'NUEVO',4,134);
INSERT INTO PRODUCTO VALUES (221,'COCINA','LG','HORNO',350000,'NUEVO',4,0);
INSERT INTO PRODUCTO VALUES (222,'COCINA','LG','HORNO',350000,'NUEVO',4,135);
INSERT INTO PRODUCTO VALUES (230,'COCINA','IMUSA','SARTEN',18500,'NUEVO',3,0);
INSERT INTO PRODUCTO VALUES (231,'COCINA','IMUSA','SARTEN',18500,'NUEVO',3,0);
INSERT INTO PRODUCTO VALUES (232,'COCINA','IMUSA','SARTEN',18500,'NUEVO',3,127);
INSERT INTO PRODUCTO VALUES (233,'COCINA','IMUSA','SARTEN',18500,'NUEVO',3,134);
INSERT INTO PRODUCTO VALUES (234,'COCINA','IMUSA','SARTEN',18500,'NUEVO',3,0);
INSERT INTO PRODUCTO VALUES (235,'COCINA','IMUSA','SARTEN',18500,'NUEVO',3,0);
INSERT INTO PRODUCTO VALUES (236,'COCINA','IMUSA','SARTEN',18500,'NUEVO',3,126);
INSERT INTO PRODUCTO VALUES (237,'COCINA','IMUSA','SARTEN',18500,'NUEVO',3,0);
INSERT INTO PRODUCTO VALUES (238,'COCINA','IMUSA','SARTEN',18500,'NUEVO',3,136);
INSERT INTO PRODUCTO VALUES (240,'COCINA','IMUSA','PITADORA',15000,'NUEVO',4,0);
INSERT INTO PRODUCTO VALUES (241,'COCINA','IMUSA','PITADORA',15000,'NUEVO',4,0);
INSERT INTO PRODUCTO VALUES (242,'COCINA','IMUSA','PITADORA',15000,'NUEVO',4,129);
INSERT INTO PRODUCTO VALUES (243,'COCINA','IMUSA','PITADORA',15000,'NUEVO',4,0);
INSERT INTO PRODUCTO VALUES (244,'COCINA','IMUSA','PITADORA',15000,'NUEVO',4,127);
INSERT INTO PRODUCTO VALUES (245,'COCINA','IMUSA','PITADORA',15000,'NUEVO',4,0);
INSERT INTO PRODUCTO VALUES (246,'COCINA','IMUSA','PITADORA',15000,'NUEVO',4,128);
INSERT INTO PRODUCTO VALUES (247,'COCINA','IMUSA','PITADORA',15000,'NUEVO',4,0);
INSERT INTO PRODUCTO VALUES (248,'COCINA','IMUSA','PITADORA',15000,'NUEVO',4,0);
INSERT INTO PRODUCTO VALUES (2211,'COCINA','JACK','PORTAVASOS',500,'NUEVO',2,101);
INSERT INTO PRODUCTO VALUES (2212,'COCINA','JACK','PORTAVASOS',500,'NUEVO',2,101);
INSERT INTO PRODUCTO VALUES (2213,'COCINA','JACK','PORTAVASOS',500,'NUEVO',2,101);
INSERT INTO PRODUCTO VALUES (2214,'COCINA','JACK','PORTAVASOS',500,'USADO',2,0);
INSERT INTO PRODUCTO VALUES (2221,'COCINA','CORELLE','CUCHARA',1100,'NUEVO',3,101);
INSERT INTO PRODUCTO VALUES (2222,'COCINA','CORELLE','CUCHARA',1100,'NUEVO',3,104);
INSERT INTO PRODUCTO VALUES (2223,'COCINA','CORELLE','CUCHARA',1100,'NUEVO',3,104);
INSERT INTO PRODUCTO VALUES (2224,'COCINA','CORELLE','CUCHARA',1100,'NUEVO',3,101);
INSERT INTO PRODUCTO VALUES (2225,'COCINA','CORELLE','CUCHARA',1100,'NUEVO',3,0);
INSERT INTO PRODUCTO VALUES (2231,'COCINA','ECOGREEN','VASO DESECHABLE',700,'NUEVO',NULL,0);
INSERT INTO PRODUCTO VALUES (2232,'COCINA','ECOGREEN','VASO DESECHABLE',700,'USADO',NULL,0);
INSERT INTO PRODUCTO VALUES (2233,'COCINA','ECOGREEN','VASO DESECHABLE',700,'NUEVO',NULL,0);
INSERT INTO PRODUCTO VALUES (2234,'COCINA','ECOGREEN','VASO DESECHABLE',700,'NUEVO',NULL,102);
INSERT INTO PRODUCTO VALUES (250,'COCINA','WHIRLPOOL','MICROHONDAS',245000,'NUEVO',5,128);
INSERT INTO PRODUCTO VALUES (251,'COCINA','WHIRLPOOL','MICROHONDAS',245000,'USADO',5,0);
INSERT INTO PRODUCTO VALUES (252,'COCINA','WHIRLPOOL','MICROHONDAS',245000,'USADO',5,0);
INSERT INTO PRODUCTO VALUES (253,'COCINA','WHIRLPOOL','MICROHONDAS',245000,'NUEVO',5,0);
INSERT INTO PRODUCTO VALUES (254,'COCINA','WHIRLPOOL','MICROHONDAS',245000,'USADO',5,102);
INSERT INTO PRODUCTO VALUES (255,'COCINA','WHIRLPOOL','MICROHONDAS',245000,'NUEVO',5,0);
INSERT INTO PRODUCTO VALUES (260,'COCINA','IMUSA','ESPATULA',4000,'NUEVO',3,0);
INSERT INTO PRODUCTO VALUES (261,'COCINA','IMUSA','ESPATULA',4000,'NUEVO',3,0);
INSERT INTO PRODUCTO VALUES (262,'COCINA','IMUSA','ESPATULA',4000,'NUEVO',3,0);
INSERT INTO PRODUCTO VALUES (263,'COCINA','IMUSA','ESPATULA',4000,'NUEVO',3,130);
INSERT INTO PRODUCTO VALUES (264,'COCINA','IMUSA','ESPATULA',4000,'NUEVO',3,0);
INSERT INTO PRODUCTO VALUES (265,'COCINA','IMUSA','ESPATULA',4000,'NUEVO',3,0);
INSERT INTO PRODUCTO VALUES (266,'COCINA','IMUSA','ESPATULA',4000,'NUEVO',3,0);
INSERT INTO PRODUCTO VALUES (267,'COCINA','IMUSA','ESPATULA',4000,'NUEVO',3,0);
INSERT INTO PRODUCTO VALUES (268,'COCINA','IMUSA','ESPATULA',4000,'NUEVO',3,102);
INSERT INTO PRODUCTO VALUES (269,'COCINA','IMUSA','ESPATULA',4000,'NUEVO',3,131);
INSERT INTO PRODUCTO VALUES (270,'COCINA','LG','NEVERA',1234000,'USADO',5,0);
INSERT INTO PRODUCTO VALUES (310,'ELECTRO','SONY','BRAVIA 21', 800000,'USADO',4,129);
INSERT INTO PRODUCTO VALUES (311,'ELECTRO','SONY','BRAVIA 21', 800000,'USADO',4,0);
INSERT INTO PRODUCTO VALUES (312,'ELECTRO','SONY','BRAVIA 21', 800000,'NUEVO',4,0);
INSERT INTO PRODUCTO VALUES (320,'ELECTRO','SAMSUNG','GALAXY NOTE',650000,'NUEVO',4,131);
INSERT INTO PRODUCTO VALUES (322,'ELECTRO','SAMSUNG','GALAXY NOTE',650000,'USADO',4,0);
INSERT INTO PRODUCTO VALUES (323,'ELECTRO','SAMSUNG','GALAXY NOTE',650000,'USADO',4,0);
INSERT INTO PRODUCTO VALUES (321,'ELECTRO','SAMSUNG','GALAXY NOTE',650000,'NUEVO',4,0);
INSERT INTO PRODUCTO VALUES (324,'ELECTRO','SAMSUNG','GALAXY NOTE',650000,'USADO',4,124);
INSERT INTO PRODUCTO VALUES (325,'ELECTRO','SAMSUNG','GALAXY NOTE',650000,'NUEVO',4,0);
INSERT INTO PRODUCTO VALUES (326,'ELECTRO','SAMSUNG','GALAXY NOTE',650000,'USADO',4,0);
INSERT INTO PRODUCTO VALUES (327,'ELECTRO','SAMSUNG','GALAXY NOTE',650000,'NUEVO',4,0);
INSERT INTO PRODUCTO VALUES (328,'ELECTRO','SAMSUNG','GALAXY NOTE',650000,'NUEVO',4,132);
INSERT INTO PRODUCTO VALUES (330,'ELECTRO','APPLE','MACBOOK AIR',1230000,'NUEVO',5,0);
INSERT INTO PRODUCTO VALUES (331,'ELECTRO','APPLE','MACBOOK AIR',1230000,'USADO',5,0);
INSERT INTO PRODUCTO VALUES (332,'ELECTRO','APPLE','MACBOOK AIR',1230000,'NUEVO',5,0);
INSERT INTO PRODUCTO VALUES (333,'ELECTRO','APPLE','MACBOOK AIR',1230000,'NUEVO',5,0);
INSERT INTO PRODUCTO VALUES (334,'ELECTRO','APPLE','MACBOOK AIR',1230000,'USADO',5,0);
INSERT INTO PRODUCTO VALUES (335,'ELECTRO','APPLE','MACBOOK AIR',1230000,'NUEVO',5,0);
INSERT INTO PRODUCTO VALUES (340,'ELECTRO','SONY','E SERIES LAPTOP',820000,'USADO',5,0);
INSERT INTO PRODUCTO VALUES (341,'ELECTRO','SONY','E SERIES LAPTOP',820000,'USADO',5,0);
INSERT INTO PRODUCTO VALUES (342,'ELECTRO','SONY','E SERIES LAPTOP',820000,'USADO',5,0);
INSERT INTO PRODUCTO VALUES (343,'ELECTRO','SONY','E SERIES LAPTOP',820000,'USADO',5,0);
INSERT INTO PRODUCTO VALUES (344,'ELECTRO','SONY','E SERIES LAPTOP',820000,'NUEVO',5,0);
INSERT INTO PRODUCTO VALUES (345,'ELECTRO','SONY','E SERIES LAPTOP',820000,'USADO',5,0);
INSERT INTO PRODUCTO VALUES (350,'ELECTRO','SONY','XPERIA TABLET Z',700000,'NUEVO',4,132);
INSERT INTO PRODUCTO VALUES (351,'ELECTRO','SONY','XPERIA TABLET Z',700000,'NUEVO',4,0);
INSERT INTO PRODUCTO VALUES (352,'ELECTRO','SONY','XPERIA TABLET Z',700000,'NUEVO',4,0);
INSERT INTO PRODUCTO VALUES (353,'ELECTRO','SONY','XPERIA TABLET Z',700000,'NUEVO',4,0);
INSERT INTO PRODUCTO VALUES (354,'ELECTRO','SONY','XPERIA TABLET Z',700000,'USADO',4,0);
INSERT INTO PRODUCTO VALUES (355,'ELECTRO','SONY','XPERIA TABLET Z',700000,'NUEVO',4,0);
INSERT INTO PRODUCTO VALUES (356,'ELECTRO','SONY','XPERIA TABLET Z',700000,'NUEVO',4,0);
INSERT INTO PRODUCTO VALUES (360,'ELECTRO','APPLE','IPAD 2',630000,'NUEVO',4,0);
INSERT INTO PRODUCTO VALUES (361,'ELECTRO','APPLE','IPAD 2',630000,'USADO',4,0);
INSERT INTO PRODUCTO VALUES (362,'ELECTRO','APPLE','IPAD 2',630000,'USADO',4,0);
INSERT INTO PRODUCTO VALUES (363,'ELECTRO','APPLE','IPAD 2',630000,'NUEVO',4,0);
INSERT INTO PRODUCTO VALUES (364,'ELECTRO','APPLE','IPAD 2',630000,'USADO',4,0);
INSERT INTO PRODUCTO VALUES (365,'ELECTRO','APPLE','IPAD 2',630000,'NUEVO',4,0);
INSERT INTO PRODUCTO VALUES (37,'ELECTRO','SONY','BRAVIA 45',2000000,'NUEVO',5,0);
INSERT INTO PRODUCTO VALUES (370,'ELECTRO','PANASONIC','ESTUCHE',800,'USADO',NULL,103);
INSERT INTO PRODUCTO VALUES (380,'ELECTRO','SAMSUNG','SMART TV 23',3450000,'USADO',3,0);
INSERT INTO PRODUCTO VALUES (381,'ELECTRO','SAMSUNG','SMART TV 23',3450000,'USADO',3,132);
INSERT INTO PRODUCTO VALUES (382,'ELECTRO','SAMSUNG','SMART TV 23',3450000,'NUEVO',3,124);
INSERT INTO PRODUCTO VALUES (390,'ELECTRO','SAMSUNG','GALAXY S3',1230000,'NUEVO',5,0);
INSERT INTO PRODUCTO VALUES (391,'ELECTRO','SAMSUNG','GALAXY S3',1230000,'USADO',5,0);
INSERT INTO PRODUCTO VALUES (392,'ELECTRO','SAMSUNG','GALAXY S3',1230000,'NUEVO',5,0);
INSERT INTO PRODUCTO VALUES (393,'ELECTRO','SAMSUNG','GALAXY S3',1230000,'USADO',5,0);
INSERT INTO PRODUCTO VALUES (394,'ELECTRO','SAMSUNG','GALAXY S3',1230000,'NUEVO',5,0);
INSERT INTO PRODUCTO VALUES (395,'ELECTRO','SAMSUNG','GALAXY S3',1230000,'NUEVO',5,0);
INSERT INTO PRODUCTO VALUES (396,'ELECTRO','SAMSUNG','GALAXY S3',1230000,'USADO',5,0);
INSERT INTO PRODUCTO VALUES (397,'ELECTRO','SAMSUNG','GALAXY S3',1230000,'USADO',5,0);
INSERT INTO PRODUCTO VALUES (398,'ELECTRO','SAMSUNG','GALAXY S3',1230000,'NUEVO',5,0);

INSERT INTO PRODUCTO VALUES (1331,'ELECTRO','NIKON','T3',1600000,'NUEVO',5,103);
INSERT INTO PRODUCTO VALUES (1432,'ELECTRO','NIKON','T3i',2500000,'NUEVO',NULL,130);
INSERT INTO PRODUCTO VALUES (1542,'ELECTRO','PANASONIC','DIGITAL',350000,'USADO',4,124);
INSERT INTO PRODUCTO VALUES (1558,'ELECTRO','SAMSUNG','SMART TV 21',800000,'NUEVO',4,0);
INSERT INTO PRODUCTO VALUES (1552,'ELECTRO','SONY','APLHA 31',1700000,'USADO',5,123);


INSERT INTO COMPRA VALUES (01,NULL,123,5);
INSERT INTO COMPRA VALUES (02,'2013-02-14',130,4);
INSERT INTO COMPRA VALUES (03,'2013-03-12',129,7);
INSERT INTO COMPRA VALUES (04,'2013-02-15',128,10);
INSERT INTO COMPRA VALUES (05,NULL,124,6);
INSERT INTO COMPRA VALUES (06,NULL,127,12);
INSERT INTO COMPRA VALUES (07,'2013-03-15',125,8);
INSERT INTO COMPRA VALUES (08,NULL,126,11);
INSERT INTO COMPRA VALUES (09,'2012-06-05',101,1);--
INSERT INTO COMPRA VALUES (10,'2012-08-11',102,2);--
INSERT INTO COMPRA VALUES (11,'2012-09-07',103,3);--
INSERT INTO COMPRA VALUES (12,'2012-11-15',104,4);--

INSERT INTO COMPRA VALUES (13,'2012-02-12',131,13);
INSERT INTO COMPRA VALUES (14,'2012-02-22',132,14);

INSERT INTO COMPRA VALUES (15,'2013-01-01',133,15);
INSERT INTO COMPRA VALUES (16,'2013-03-03',135,17);
INSERT INTO COMPRA VALUES (17,'2013-03-13',134,16);
INSERT INTO COMPRA VALUES (18,'2013-05-21',136,18);

INSERT INTO ENVIO VALUES (1111,'2013-03-13','CALI','CALLE 23S NO 20-20',129);
INSERT INTO ENVIO VALUES (1112,'2013-02-15','BOGOTA','CALLE 4 NO 4-45',130);
INSERT INTO ENVIO VALUES (1113,'2013-02-18','CARTAGENA','CALLE 24 NO 11-23',128);
INSERT INTO ENVIO VALUES (1114,NULL,'MANIZALES','CALLE 43 NO 198-3',125);
INSERT INTO ENVIO VALUES (1023,'2012-06-07','BOGOTA','CALLE 4 NO 4-45',101);
INSERT INTO ENVIO VALUES (1022,'2012-08-13','CARTAGENA','CALLE 74N NO 102-33',102);
INSERT INTO ENVIO VALUES (1103,'2012-09-11','MEDELLIN','CALLE 7 NO 30-4', 103);
INSERT INTO ENVIO VALUES (1056,'2012-11-18','BOGOTA','CALLE 4 NO 4-45',104);
INSERT INTO ENVIO VALUES (1067,'2012-02-15','MEDELLIN','DIAGONAL 3 NO 23-2',131);
INSERT INTO ENVIO VALUES (1029,'2012-02-26','MANIZALES','CALLE 16 DIAGONAL 11',132);
INSERT INTO ENVIO VALUES (1233,'2013-01-04','MANIZALES','CALLE 16 DIAGONAL 11',133);
INSERT INTO ENVIO VALUES (1234,'2013-03-05','MANIZALES','CALLE 16 DIAGONAL 11',134);
INSERT INTO ENVIO VALUES (2234,'2013-03-20','MANIZALES','CALLE 16 DIAGONAL 11',135);
INSERT INTO ENVIO VALUES (4532,'2013-05-26','MANIZALES','CALLE 16 DIAGONAL 11',136);

INSERT INTO TIPOPAGO VALUES(128);
INSERT INTO TIPOPAGO VALUES(129);
INSERT INTO TIPOPAGO VALUES(125);
INSERT INTO TIPOPAGO VALUES(130);
INSERT INTO TIPOPAGO VALUES(101);--
INSERT INTO TIPOPAGO VALUES(102);--
INSERT INTO TIPOPAGO VALUES(103);--
INSERT INTO TIPOPAGO VALUES(104);--

INSERT INTO TARJETA VALUES (43432355,10435700,128);
INSERT INTO TARJETA VALUES (23478865,9430300,129);
INSERT INTO TARJETA VALUES (439883,4500000,102);--
INSERT INTO TARJETA VALUES (23432344,10000000,104);--

INSERT INTO PAYPAL VALUES ('JOSE_BTC',15435000,125);
INSERT INTO PAYPAL VALUES ('CLAU_MAR13',8324000,130);
INSERT INTO PAYPAL VALUES ('ASDF_191',78765734,103);--
INSERT INTO PAYPAL VALUES ('USER1992',1234984,101);--


INSERT INTO COMENTARIO VALUES (1,'2012-11-20',5,NULL,333,'está muy bueno el producto lo recomiendo');
INSERT INTO COMENTARIO VALUES (2,'2012-08-20',7,1144537294,NULL,'el vendedor no cumplio a tiempo');
INSERT INTO COMENTARIO VALUES (3,'2012-10-31',6,78117125,NULL,'me llego todo a tiempo buen vendedor');
INSERT INTO COMENTARIO VALUES (4,'2012-07-12',9,31876277,NULL,'no lo recomiendo, llega todo tarde');
INSERT INTO COMENTARIO VALUES (5,'2012-11-22',7,NULL,234,'este sarten está genial! recomendadisimo');
INSERT INTO COMENTARIO VALUES (6,'2013-01-01',12,31869677,NULL,'bueno');
INSERT INTO COMENTARIO VALUES (7,'2013-01-04',11,NULL,111,'clochón muy comodo, lo recomiendo');

INSERT INTO COMENTARIO VALUES(8,'2012-08-20',18,1144837624,NULL,'se demora en mandar el pedido');
INSERT INTO COMENTARIO VALUES(9,'2012-02-27',15,31869677,NULL,'no ha tenido muchas ventas buenas');
INSERT INTO COMENTARIO VALUES(10,'2012-11-25',11,88374476,NULL,'muy buen vendedor');
INSERT INTO COMENTARIO VALUES(11,'2013-01-21',13,NULL,382,'calidad de imagen excelente');
INSERT INTO COMENTARIO VALUES(12,'2013-03-19',13,11253472,NULL,'regular, no atendia bien al cliente');
INSERT INTO COMENTARIO VALUES(13,'2013-02-15',13,NULL,254, 'no calienta bien la comida');
INSERT INTO COMENTARIO VALUES(14,'2012-08-12',15,1109482742,NULL,'casi que no llega el producto');
INSERT INTO COMENTARIO VALUES(15,'2013-03-20',16,NULL,310,'no lo recomiendo');
INSERT INTO COMENTARIO VALUES(16,'2012-07-04',4,44357874,NULL,'excelente vendedor');
INSERT INTO COMENTARIO VALUES(17,'2013-02-15',9,NULL,130,'muy bonito el comedor');
